9.338189386056189534e+00,7.561914672216438760e+00,4.714880332986471245e+00,1.833506763787720706e+00,9.586888657648280798e+00,7.044745057232050911e+00,4.638917793964619563e+00,9.416233090530701233e+00,9.976066597294488858e+00,1.561914672216440536e+00,6.792924037460978504e+00,8.976066597294490634e+00,-1.668054110301768533e+00,8.966701352757542764e+00,9.662851196670137810e+00,-1.251821019771071297e+00,-3.109261186264308474e+00,-7.218522372528616060e+00
7.561914672216438760e+00,8.745057232049948226e+00,3.155046826222684953e+00,3.850156087408922179e-02,8.160249739854318562e+00,6.643080124869927161e+00,3.742976066597294427e+00,8.306971904266388762e+00,8.460978147762745039e+00,7.127991675338187783e-01,6.416233090530697680e+00,7.912591050988553754e+00,-3.402705515088447208e-01,7.994797086368365946e+00,8.346514047866802954e+00,-1.678459937565036419e+00,-3.417273673257023692e+00,-6.544224765868886351e+00
4.714880332986471245e+00,3.155046826222684953e+00,8.657648283038497539e+00,3.084287200832465548e+00,4.163371488033298817e+00,5.525494276795004378e-01,3.320499479708636681e+00,4.676378772112382620e+00,5.852237252861601569e+00,1.122788761706555949e+00,3.038501560874089513e+00,4.690946930280956551e+00,-1.964620187304890297e+00,4.300728407908427364e+00,5.016649323621228618e+00,3.433922996878276818e-02,-8.751300728407905849e-01,-2.685744016649323385e+00
1.833506763787720706e+00,3.850156087408922179e-02,3.084287200832465548e+00,7.560874089490115857e+00,2.546305931321540150e+00,-4.880332986472424861e-01,2.260145681581685828e+00,1.807492195629552212e+00,1.309053069719043672e+00,-8.002081165452649136e-01,-1.619146722164413132e+00,9.542143600416232996e-01,-4.454734651404785417e+00,8.605619146722169877e-01,1.822060353798127252e+00,-6.659729448491154280e-02,-9.313215400624348383e-01,-2.540062434963579197e+00
9.586888657648280798e+00,8.160249739854318562e+00,4.163371488033298817e+00,2.546305931321540150e+00,1.076378772112382975e+01,8.108220603537983351e+00,5.752341311134235191e+00,1.010197710718001929e+01,1.009365244536940764e+01,1.031217481789802104e+00,6.742976066597293539e+00,9.222684703433923659e+00,-1.693028095733611016e+00,9.431841831425598954e+00,1.017481789802289072e+01,-1.365244536940686704e+00,-3.301768990634755152e+00,-8.506763787721125070e+00
7.044745057232050911e+00,6.643080124869927161e+00,5.525494276795004378e-01,-4.880332986472424861e-01,8.108220603537983351e+00,8.603537981269511192e+00,3.569198751300729278e+00,7.462018730489073270e+00,7.026014568158167606e+00,-2.924037460978147207e-01,5.808532778355878001e+00,6.606659729448490559e+00,-1.602497398543184237e-01,7.250780437044745064e+00,7.414151925078044769e+00,-1.053069719042664110e+00,-2.184183142559833701e+00,-6.207075962539022385e+00
4.638917793964619563e+00,3.742976066597294427e+00,3.320499479708636681e+00,2.260145681581685828e+00,5.752341311134235191e+00,3.569198751300729278e+00,7.086368366285119791e+00,5.188345473465142632e+00,4.906347554630592356e+00,2.001040582726326456e+00,3.289281997918834133e+00,4.712799167533818334e+00,-5.005202913631631167e-01,4.858480749219562966e+00,5.180020811654527435e+00,9.781477627471384384e-01,-1.175858480749219920e-01,-4.267429760665972793e+00
9.416233090530701233e+00,8.306971904266388762e+00,4.676378772112382620e+00,1.807492195629552212e+00,1.010197710718001929e+01,7.462018730489073270e+00,5.188345473465142632e+00,9.981269510926118471e+00,1.030801248699271433e+01,1.565036420395421901e+00,7.112382934443290061e+00,9.404786680541100452e+00,-1.492195629552549585e+00,9.445369406867849094e+00,1.010613943808532866e+01,-1.123829344432882626e+00,-3.042663891779396224e+00,-7.698231009365243516e+00
9.976066597294488858e+00,8.460978147762745039e+00,5.852237252861601569e+00,1.309053069719043672e+00,1.009365244536940764e+01,7.026014568158167606e+00,4.906347554630592356e+00,1.030801248699271433e+01,1.147970863683662301e+01,2.396462018730489696e+00,7.893860561914671337e+00,1.018938605619146287e+01,-1.698231009365244182e+00,9.984391259105100502e+00,1.065244536940686970e+01,-1.035379812695109480e+00,-3.026014568158168050e+00,-7.310093652445368129e+00
1.561914672216440536e+00,7.127991675338187783e-01,1.122788761706555949e+00,-8.002081165452649136e-01,1.031217481789802104e+00,-2.924037460978147207e-01,2.001040582726326456e+00,1.565036420395421901e+00,2.396462018730489696e+00,5.003121748178980255e+00,2.190426638917794655e+00,2.428720083246618255e+00,1.724245577523413342e+00,1.962539021852236498e+00,1.798126951092611225e+00,2.160249739854318118e+00,1.614984391259105090e+00,2.622268470343390723e-01
6.792924037460978504e+00,6.416233090530697680e+00,3.038501560874089513e+00,-1.619146722164413132e+00,6.742976066597293539e+00,5.808532778355878001e+00,3.289281997918834133e+00,7.112382934443290061e+00,7.893860561914671337e+00,2.190426638917794655e+00,6.680541103017691107e+00,7.280957336108220268e+00,5.983350676378774713e-01,7.295525494276795975e+00,7.330905306971903457e+00,-2.892819979188343549e-01,-1.421436004162330846e+00,-4.584807492195629663e+00
8.976066597294490634e+00,7.912591050988553754e+00,4.690946930280956551e+00,9.542143600416232996e-01,9.222684703433923659e+00,6.606659729448490559e+00,4.712799167533818334e+00,9.404786680541100452e+00,1.018938605619146287e+01,2.428720083246618255e+00,7.280957336108220268e+00,9.350676378772110553e+00,-1.053069719042663444e+00,9.145681581685742856e+00,9.652445369406867925e+00,-8.418314255983350147e-01,-2.671175858480749010e+00,-6.761706555671174179e+00
-1.668054110301768533e+00,-3.402705515088447208e-01,-1.964620187304890297e+00,-4.454734651404785417e+00,-1.693028095733611016e+00,-1.602497398543184237e-01,-5.005202913631631167e-01,-1.492195629552549585e+00,-1.698231009365244182e+00,1.724245577523413342e+00,5.983350676378774713e-01,-1.053069719042663444e+00,5.702393340270552891e+00,-1.078043704474505260e+00,-1.608740894901144580e+00,9.198751300728409408e-01,1.450572320499480261e+00,1.772112382934443842e+00
8.966701352757542764e+00,7.994797086368365946e+00,4.300728407908427364e+00,8.605619146722169877e-01,9.431841831425598954e+00,7.250780437044745064e+00,4.858480749219562966e+00,9.445369406867849094e+00,9.984391259105100502e+00,1.962539021852236498e+00,7.295525494276795975e+00,9.145681581685742856e+00,-1.078043704474505260e+00,9.223725286160249226e+00,9.648283038501558551e+00,-8.262226847034334076e-01,-2.573361082206035544e+00,-6.920915712799168062e+00
9.662851196670137810e+00,8.346514047866802954e+00,5.016649323621228618e+00,1.822060353798127252e+00,1.017481789802289072e+01,7.414151925078044769e+00,5.180020811654527435e+00,1.010613943808532866e+01,1.065244536940686970e+01,1.798126951092611225e+00,7.330905306971903457e+00,9.652445369406867925e+00,-1.608740894901144580e+00,9.648283038501558551e+00,1.036628511966701183e+01,-1.083246618106139758e+00,-3.059313215400623953e+00,-7.699271592091570859e+00
-1.251821019771071297e+00,-1.678459937565036419e+00,3.433922996878276818e-02,-6.659729448491154280e-02,-1.365244536940686704e+00,-1.053069719042664110e+00,9.781477627471384384e-01,-1.123829344432882626e+00,-1.035379812695109480e+00,2.160249739854318118e+00,-2.892819979188343549e-01,-8.418314255983350147e-01,9.198751300728409408e-01,-8.262226847034334076e-01,-1.083246618106139758e+00,3.279916753381893813e+00,3.536940686784599386e+00,1.912591050988553976e+00
-3.109261186264308474e+00,-3.417273673257023692e+00,-8.751300728407905849e-01,-9.313215400624348383e-01,-3.301768990634755152e+00,-2.184183142559833701e+00,-1.175858480749219920e-01,-3.042663891779396224e+00,-3.026014568158168050e+00,1.614984391259105090e+00,-1.421436004162330846e+00,-2.671175858480749010e+00,1.450572320499480261e+00,-2.573361082206035544e+00,-3.059313215400623953e+00,3.536940686784599386e+00,4.474505723204994290e+00,3.400624349635795518e+00
-7.218522372528616060e+00,-6.544224765868886351e+00,-2.685744016649323385e+00,-2.540062434963579197e+00,-8.506763787721125070e+00,-6.207075962539022385e+00,-4.267429760665972793e+00,-7.698231009365243516e+00,-7.310093652445368129e+00,2.622268470343390723e-01,-4.584807492195629663e+00,-6.761706555671174179e+00,1.772112382934443842e+00,-6.920915712799168062e+00,-7.699271592091570859e+00,1.912591050988553976e+00,3.400624349635795518e+00,7.898022892819978047e+00
